<?xml version="1.0" encoding="UTF-8"?>
<!DOCTYPE zion SYSTEM "..//IComponent.dtd">

<icomponent>
  <config>
    <entry key="classdir" type="STRING" value="SSEA2D/SSEA2D"/>
    <entry key="classname" type="STRING" value="SSEA2D.SSEA2D"/>
	<entry key="name" type="STRING" value="SSEA2D"/>
	<entry key="description" type="STRING" value="Spatially Structured Evolutionary Algorithm (2D). A evolutionary algorithm which uses the neighbourhood of the members to improve members"></entry>
	<entry key="image" type="STRING" value="SSEA2D.png"/>
	<entry key="tags" type="STRING" value="SSEA2D TAG"/>
  </config>
  <properties>
      <propentry key="generations" type="INT" value="200" />
      <propentry key="populationsize" type="INT" value="100" />
      <propentry key="neighbourhoodmode" type="INT" value="1" />
      <propentry key="saveinterval" type="INT" value="0" />
      <propentry key="mutationseverity" type="INT" value="30" />
      <propentry key="percentmutateelite" type="INT" value="60" />
      <propentry key="percentelite" type="INT" value="11" />
      <propentry key="percentxoverelite" type="INT" value="30" />
  </properties>
</icomponent>
