<?xml version="1.0" encoding="UTF-8"?>
<!DOCTYPE zion SYSTEM "..//IComponent.dtd">

<icomponent>
  <config>
	<entry key="author" type="STRING" value="Istvan Fehervari, Tobias Ibounig"/>
	<entry key="version" type="STRING" value="1.1"/>
    <entry key="classdir" type="STRING" value="FullTournament/fulltournament"/>
    <entry key="classname" type="STRING" value="fulltournament.FullTournament"/>
	<entry key="name" type="STRING" value="Full tournament"/>
	<entry key="description" type="STRING" value="In a full tournament (or round robin) every player plays every other player once. Supports only 1 vs 1 problems."/>
	<entry key="image" type="STRING" value="fullTournament.png"/>
	<entry key="tags" type="STRING" value="tournament"/>
  </config>
  <properties>
	<propentry key="parallelthreads" type="INT" value="1" description="Number of parallel threads that run the ranking."/>
  </properties>
</icomponent>